Suburb,Distance,SchoolNo,CrimeNo,Buy_Price,HospitalNo,Latitude,Longitude,Rent2br,Rent3br,Rent4br,RentAverageAll,Supermarket_No,BusStop_No,Tram_No,Train_No,Transport_No,Park_No,NormDistance,NormCrime,NormHospital,NormSchool,NormSupermarket,NormStation,NormPark,NormRent2br,NormRent3br,NormRent4br,Url,ChinesePopulation,ChineseCommuities,ChineseClinics
Abbotsford,3.2,1,1154,1290000,0,-37.803,145.002,600,750,950,450,12,20,7,5,32,20,98,81,0,8,38,33,63,89,65,63,"https://maps.google.com/?q=Abbotsford+VIC+3067,+Australia&ftid=0x6ad64300c7048673:0x5045675218ce7b0",Low,14,60
Albert Park,3,2,605,2150000,0,-37.842,144.95,675,950,1100,908,9,35,27,0,62,20,98,90,0,17,28,64,63,100,83,73,"https://maps.google.com/?q=Albert+Park+VIC+3206,+Australia&ftid=0x6ad667e1dead25bd:0x5045675218ce8a0",None,0,0
Alfredton,104.9,1,310,410000,4,-37.555,143.8,260,310,380,317,2,20,0,0,20,3,19,95,50,8,6,21,9,39,27,25,"https://maps.google.com/?q=Alfredton+VIC+3350,+Australia&ftid=0x6ad14314bc6077cf:0x50579a430a0d650",Low,0,0
Alphington,7,1,219,1778500,1,-37.78,145.023,500,650,800,650,3,20,0,4,24,12,95,96,13,8,9,25,38,74,57,53,"https://maps.google.com/?q=Alphington+VIC+3078,+Australia&ftid=0x6ad6441328b2dc6d:0x5045675218cf6c0",Low,4,10
Altona,13.2,2,595,950000,1,-37.868,144.83,360,385,420,388,3,20,0,3,23,6,90,90,13,17,9,24,19,53,33,28,"https://maps.google.com/?q=Altona+VIC+3018,+Australia&ftid=0x6ad6619dc1713221:0x5045675218cda70",Low,0,0
Armadale,6.7,1,480,2107500,0,-37.857,145.021,645,900,1330,958,8,20,20,4,44,6,95,92,0,8,25,45,19,96,78,89,"https://maps.google.com/?q=Armadale+VIC+3143,+Australia&ftid=0x6ad669ccb9783e99:0x5045675218cdac0",Low,1,14
Ascot Vale,5.5,3,1046,1192500,1,-37.779,144.919,500,580,730,603,14,20,20,6,46,7,96,83,13,25,44,47,22,74,50,49,"https://maps.google.com/?q=Ascot+Vale+VIC+3032,+Australia&ftid=0x6ad65daa855159b7:0x5045675218cd6f0",Low,2,11
Ashburton,11.6,2,354,1815000,1,-37.866944,145.083056,425,500,630,518,1,20,0,6,26,17,91,94,13,17,3,27,53,63,43,42,"https://maps.google.com/?q=Ashburton+VIC+3147,+Australia&ftid=0x6ad641ce85fa48c1:0x5045675218cdb00",Low,1,7
Aspendale,26.6,2,253,1122500,1,-38.025,145.104,400,460,550,470,2,12,0,2,14,7,80,96,13,17,6,14,22,59,40,37,"https://maps.google.com/?q=Aspendale+VIC+3195,+Australia&ftid=0x6ad66d7b9c597581:0x5045675218ce060",Low,0,0
Avondale Heights,10,1,313,850000,0,-37.762,144.863,400,430,575,468,4,20,0,0,20,12,92,95,0,8,13,21,38,59,37,38,"https://maps.google.com/?q=Avondale+Heights+VIC+3034,+Australia&ftid=0x6ad65e7c5511eebd:0x5045675218cd520",Medium,0,0
Balwyn,10.4,2,417,2360000,0,-37.808889,145.078889,430,550,795,592,5,20,12,2,34,14,92,93,0,17,16,35,44,64,48,53,"https://maps.google.com/?q=Balwyn+VIC+3103,+Australia&ftid=0x6ad6413b3565bd43:0x5045675218cd830",Low,1,5
Barwon Heads,66.4,1,120,930500,0,-38.2739835,144.4862111,350,400,470,407,1,18,0,0,18,5,49,98,0,8,3,19,16,52,35,31,"https://maps.google.com/?q=Barwon+Heads+VIC+3227,+Australia&ftid=0x6ad44090207201c1:0x5045675218ce4a0",Low,0,0
Bayswater,26.9,4,910,805500,1,-37.843,145.268,345,400,445,397,5,20,0,1,21,12,79,85,13,33,16,22,38,51,35,30,"https://maps.google.com/?q=Bayswater+VIC+3153,+Australia&ftid=0x6ad63b9b0b47a7bd:0x5045675218cd9e0",Medium,0,16
Beaumaris,20.1,3,261,1600000,0,-37.983,145.0434,525,728,995,749,2,20,0,1,21,9,85,96,0,25,6,22,28,78,63,66,"https://maps.google.com/?q=Beaumaris+VIC+3193,+Australia&ftid=0x6ad66e679ea78917:0x5045675218cdf90",Low,0,0
Belmont,67.7,7,809,495000,1,-38.173,144.341,330,375,430,378,9,20,0,0,20,12,48,87,13,58,28,21,38,49,33,29,"https://maps.google.com/?q=Belmont+VIC+3216,+Australia&ftid=0x6ad4137e993ba25b:0x5045675218ce310",Medium,0,0
Bentleigh,13.2,2,630,1450000,2,-37.922,145.036,450,550,750,583,12,26,0,4,30,9,90,90,25,17,38,31,28,67,48,50,"https://maps.google.com/?q=Bentleigh+VIC+3204,+Australia&ftid=0x6ad6694fe94aea05:0x5045675218cde10",Low,2,4
Berwick,41.2,9,1905,672500,7,-38.031,145.344,340,380,420,380,3,20,0,1,21,19,68,69,88,75,9,22,59,50,33,28,"https://maps.google.com/?q=Berwick+VIC+3806,+Australia&ftid=0x6ad6178027e4bc99:0x5045675218ce030",High,1,10
Blackburn,16.8,4,469,1410000,1,-37.826,145.151,390,450,570,470,10,20,0,2,22,26,87,92,13,33,31,23,81,58,39,38,"https://maps.google.com/?q=Blackburn+VIC+3130,+Australia&ftid=0x6ad638b42e39b407:0x5045675218cd8a0",Low,1,3
Boronia,29,4,1645,731500,1,-37.862,145.286,345,400,465,403,4,49,0,1,50,9,78,73,13,33,13,52,28,51,35,31,"https://maps.google.com/?q=Boronia+VIC+3155,+Australia&ftid=0x6ad63b41d3e4ac3d:0x5045675218cd9f0",Low,0,2
Box Hill,13.7,1,1211,1760000,3,-37.8215,145.126,400,470,600,490,7,60,3,3,66,15,89,80,38,8,22,68,47,59,41,40,"https://maps.google.com/?q=Box+Hill+VIC+3128,+Australia&ftid=0x6ad640a5542b19f7:0x5045675218cd900",Medium,1,2
Brighton,11.3,3,930,2830000,4,-37.905,144.996,620,920,1295,945,5,44,0,4,48,11,91,85,50,25,16,49,34,92,80,86,"https://maps.google.com/?q=Brighton+VIC+3186,+Australia&ftid=0x6ad6692281478c97:0x5045675218cdd40",Low,0,0
Broadmeadows,15.3,6,2950,545000,1,-37.685,144.925,340,360,430,377,8,20,0,2,22,9,88,52,13,50,25,23,28,50,31,29,"https://maps.google.com/?q=Broadmeadows+VIC+3047,+Australia&ftid=0x6ad65bea11574fe9:0x5045675218cd0f0",High,0,0
Brunswick,5.3,2,2541,1204000,1,-37.7667,144.9628,530,680,825,678,17,20,22,5,47,17,96,59,13,17,53,48,53,79,59,55,"https://maps.google.com/?q=Brunswick+VIC+3056,+Australia&ftid=0x6ad65cb927b1a969:0x5045675218cd5b0",High,2,2
Bulleen,12.5,1,356,1300000,0,-37.77,145.09,395,480,583,486,3,20,0,0,20,17,90,94,0,8,9,21,53,59,42,39,"https://maps.google.com/?q=Bulleen+VIC+3105,+Australia&ftid=0x6ad646fb27a91b33:0x5045675218cd560",Medium,0,1
Bundoora,15.8,4,1962,752500,5,-37.695,145.064,360,400,430,397,4,19,10,0,29,27,88,68,63,33,13,30,84,53,35,29,"https://maps.google.com/?q=Bundoora+VIC+3083,+Australia&ftid=0x6ad648bf8539b447:0x5045675218cd130",Medium,0,4
Buninyong,96.7,1,134,467500,0,-37.650278,143.883889,265,325,390,327,0,18,0,0,18,20,26,98,0,8,0,19,63,39,28,26,"https://maps.google.com/?q=Buninyong+VIC+3357,+Australia&ftid=0x6ad15a60623e46f9:0x40579a430a0b800",High,0,0
Burwood,12.3,1,701,1370000,0,-37.85,145.114,425,500,630,518,2,36,8,0,44,10,91,89,0,8,6,45,31,63,43,42,"https://maps.google.com/?q=Burwood+VIC+3125,+Australia&ftid=0x6ad6405e68fe18f5:0x5045675218cda10",High,0,1
Camberwell,8.4,2,836,2295000,1,-37.835,145.071,533,646,870,683,8,20,26,7,53,12,94,86,13,17,25,55,38,79,56,58,"https://maps.google.com/?q=Camberwell+VIC+3124,+Australia&ftid=0x6ad63f63ad12c04f:0x5045675218cd960",Low,1,1
Canterbury,10.5,3,175,3051000,2,-37.825,145.078,468,650,920,679,10,20,3,7,30,12,92,97,25,25,31,31,38,69,57,61,"https://maps.google.com/?q=Canterbury+VIC+3126,+Australia&ftid=0x6ad6410d1deefb63:0x5045675218cd920",Low,0,1
Carlton,2,2,1625,1477500,2,-37.8001,144.9671,550,775,960,762,20,50,44,3,97,20,98,74,25,17,63,100,63,81,67,64,"https://maps.google.com/?q=Carlton+VIC+3053,+Australia&ftid=0x6ad642d153982dd1:0x5045675218ce780",Medium,4,5
Carnegie,11.8,1,563,1502500,0,-37.888,145.062,430,550,775,585,10,20,7,5,32,11,91,91,0,8,31,33,34,64,48,52,"https://maps.google.com/?q=Carnegie+VIC+3163,+Australia&ftid=0x6ad6698e96878b6f:0x5045675218cdc40",Low,0,1
Carrum Downs,37.4,3,1379,532000,0,-38.096,145.178,330,367,450,382,5,20,0,0,20,8,71,78,0,25,16,21,25,49,32,30,"https://maps.google.com/?q=Carrum+Downs+VIC+3201,+Australia&ftid=0x6ad60cfbe3a22a1f:0x5045675218ce170",Low,0,0
Castlemaine,106.4,4,427,435000,1,-37.058136,144.2185006,300,348,400,349,2,20,0,1,21,12,18,93,13,33,6,22,38,44,30,27,"https://maps.google.com/?q=Castlemaine+VIC+3450,+Australia&ftid=0x6ad730d7a6d21159:0x50579a430a0d1f0",High,0,0
Caulfield,9.3,0,316,1859000,4,-37.884,145.0266,520,660,850,677,4,20,29,2,51,2,93,95,50,0,13,53,6,77,57,57,"https://maps.google.com/?q=Caulfield+VIC+3162,+Australia&ftid=0x6ad6696cd1a408d7:0x5045675218cf900",Low,0,0
Chadstone,14.1,0,787,1131000,0,-37.883,145.093,410,450,600,487,9,30,0,4,34,12,89,87,0,0,28,35,38,61,39,40,"https://maps.google.com/?q=Chadstone+VIC+3148,+Australia&ftid=0x6ad66a84369ae825:0x5045675218cdc00",Low,1,1
Chelsea,29.7,1,487,930000,1,-38.051111,145.121944,400,460,550,470,3,20,0,3,23,15,77,92,13,8,9,24,47,59,40,37,"https://maps.google.com/?q=Chelsea+VIC+3196,+Australia&ftid=0x6ad672a7ee65f51b:0x5045675218ce120",Low,0,0
Cheltenham,17.8,5,1628,1171000,1,-37.967,145.068,445,525,660,543,12,20,0,3,23,11,86,74,13,42,38,24,34,66,46,44,"https://maps.google.com/?q=Cheltenham+VIC+3192,+Australia&ftid=0x6ad66c242b139a7b:0x5045675218cdf20",Low,2,0
Clayton,18.5,3,1249,1277500,6,-37.915,145.13,385,430,550,455,14,20,0,1,21,8,86,80,75,25,44,22,25,57,37,37,"https://maps.google.com/?q=Clayton+VIC+3168,+Australia&ftid=0x6ad66ad657aee985:0x5045675218cddc0",Low,1,0
Clifton Hill,3.9,2,653,1390000,0,-37.789,144.999,595,770,988,784,9,38,10,8,56,32,97,89,0,17,28,58,100,88,67,66,"https://maps.google.com/?q=Clifton+Hill+VIC+3068,+Australia&ftid=0x6ad6430dab62da09:0x5045675218cd780",Low,0,0
Coburg,7.9,6,2234,1000000,2,-37.7438,144.9645,450,540,650,547,13,20,13,4,37,15,94,64,25,50,41,38,47,67,47,43,"https://maps.google.com/?q=Coburg+VIC+3058,+Australia&ftid=0x6ad644c098f4d5eb:0x5045675218cd430",Low,0,0
Collingwood,2.2,2,2052,1210000,0,-37.8019,144.98815,600,750,950,450,16,20,29,7,56,27,98,67,0,17,50,58,84,89,65,63,"https://maps.google.com/?q=Collingwood+VIC+3066,+Australia&ftid=0x6ad642e19df445ad:0x5045675218ce7a0",Low,0,1
Corio,60.4,1,1861,305000,0,-38.074,144.359,250,280,340,290,5,20,0,1,21,14,54,70,0,8,16,22,44,37,24,23,"https://maps.google.com/?q=Corio+VIC+3214,+Australia&ftid=0x6ad419db24fad705:0x5045675218ce130",High,0,0
Craigieburn,24,7,2909,510000,1,-37.594,144.934,333,370,420,374,4,25,0,1,26,30,82,53,13,58,13,27,94,49,32,28,"https://maps.google.com/?q=Craigieburn+VIC+3064,+Australia&ftid=0x6ad6523220f38a83:0x5045675218ccea0",Low,0,0
Cranbourne,42.6,7,2302,510000,1,-38.105,145.279,315,365,410,363,9,20,0,1,21,19,67,63,13,58,28,22,59,47,32,27,"https://maps.google.com/?q=Cranbourne+VIC+3977,+Australia&ftid=0x6ad60d8d2eb71c37:0x5045675218ce150",None,0,0
Croydon,28,7,1287,791000,1,-37.796,145.281,370,410,500,427,4,20,0,1,21,10,78,79,13,58,13,22,31,55,36,33,"https://maps.google.com/?q=Croydon+VIC+3136,+Australia&ftid=0x6ad62e1e86d7699b:0x5045675218cd6d0",Low,2,1
Dandenong,29.3,7,6148,620000,5,-37.981,145.215,330,380,525,412,12,20,0,1,21,9,77,0,63,58,38,22,28,49,33,35,"https://maps.google.com/?q=Dandenong+VIC+3175,+Australia&ftid=0x6ad613fe1cf71e9f:0x5045675218cdf80",Low,0,0
Deer Park,17.3,2,1233,550500,0,-37.763,144.767,320,350,400,357,6,20,0,1,21,7,87,80,0,17,19,22,22,47,30,27,"https://maps.google.com/?q=Deer+Park+VIC+3023,+Australia&ftid=0x6ad68ab2b3c67947:0x5045675218cd500",Low,0,1
Delacombe,104.9,1,411,325000,0,-37.589,143.814,250,280,360,297,1,19,0,0,19,3,19,93,0,8,3,20,9,37,24,24,"https://maps.google.com/?q=Delacombe+VIC+3356,+Australia&ftid=0x6ad15cb5aaa7b157:0x50579a430a0d720",Low,0,0
Doncaster,14.5,3,1085,1386500,0,-37.787,145.124,395,480,583,486,6,20,0,0,20,20,89,82,0,25,19,21,63,59,42,39,"https://maps.google.com/?q=Doncaster+VIC+3108,+Australia&ftid=0x6ad6472a6aa3a563:0x5045675218cd6e0",Low,1,0
Donvale,19.5,2,257,1200000,0,-37.797,145.175,400,453,590,481,4,20,0,0,20,21,85,96,0,17,13,21,66,59,39,39,"https://maps.google.com/?q=Donvale+VIC+3111,+Australia&ftid=0x6ad639ad0f7d5f5f:0x5045675218cd670",Low,0,0
Dromana,57.8,3,470,687500,0,-38.338,144.965,320,370,480,390,2,20,0,0,20,13,56,92,0,25,6,21,41,47,32,32,"https://maps.google.com/?q=Dromana+VIC+3936,+Australia&ftid=0x6ad5cf4ba2039f35:0x5045675218ce550",Low,0,0
Elsternwick,8.6,0,485,2000000,2,-37.887,145.006,550,760,970,760,5,45,16,4,65,6,93,92,25,0,16,67,19,81,66,65,"https://maps.google.com/?q=Elsternwick+VIC+3185,+Australia&ftid=0x6ad6684a16b9d105:0x5045675218cdc20",Low,0,0
Eltham,19.8,3,615,928500,0,-37.715,145.158,400,460,580,480,4,19,0,1,20,18,85,90,0,25,13,21,56,59,40,39,"https://maps.google.com/?q=Eltham+VIC+3095,+Australia&ftid=0x6ad637b45b29c27d:0x5045675218cd240",Low,0,0
Elwood,7.7,2,733,1877500,1,-37.884,144.986,610,875,1100,862,8,42,6,3,51,15,94,88,13,17,25,53,47,90,76,73,"https://maps.google.com/?q=Elwood+VIC+3184,+Australia&ftid=0x6ad668f37f1dd61d:0x5045675218cdbe0",Low,0,0
Endeavour Hills,31.5,6,958,630000,0,-37.969,145.2558,310,360,420,363,5,24,0,0,24,20,76,84,0,50,16,25,63,46,31,28,"https://maps.google.com/?q=Endeavour+Hills+VIC+3802,+Australia&ftid=0x6ad616f64f2631d9:0x5045675218cded0",Low,0,0
Epping,19.1,6,2644,565000,2,-37.638,145.01,340,370,420,377,8,10,0,0,10,10,85,57,25,50,25,10,31,50,32,28,"https://maps.google.com/?q=Epping+VIC+3076,+Australia&ftid=0x6ad64e893ad501e1:0x5045675218ccfd0",Medium,0,1
Essendon,7.7,3,1112,1401000,1,-37.749,144.912,400,470,648,506,5,42,16,4,62,10,94,82,13,25,16,64,31,59,41,43,"https://maps.google.com/?q=Essendon+VIC+3040,+Australia&ftid=0x6ad65c635ab5a92b:0x5045675218cd470",Low,0,1
Fairfield,6.4,1,440,1461000,1,-37.792,145.011,500,650,800,650,6,4,0,6,10,30,95,93,13,8,19,10,94,74,57,53,"https://maps.google.com/?q=Fairfield+VIC+3078,+Australia&ftid=0x6ad6439ae823f7e3:0x5045675218ce700",Low,1,0
Fawkner,12.5,3,956,704500,0,-37.707,144.968,360,400,495,418,4,20,0,3,23,6,90,84,0,25,13,24,19,53,35,33,"https://maps.google.com/?q=Fawkner+VIC+3060,+Australia&ftid=0x6ad645326f4c077d:0x5045675218cd1f0",Low,0,0
Ferntree Gully,30.2,6,1340,749000,1,-37.8862,145.2821,330,400,455,395,6,20,0,2,22,10,77,78,13,50,19,23,31,49,35,30,"https://maps.google.com/?q=Ferntree+Gully+VIC+3156,+Australia&ftid=0x6ad63ced2679a4cd:0x5045675218cdbb0",Medium,0,0
Fitzroy,2,1,2137,1625000,3,-37.801111,144.978889,645,820,1100,855,32,20,20,7,47,31,98,65,38,8,100,48,97,96,71,73,"https://maps.google.com/?q=Fitzroy+VIC+3065,+Australia&ftid=0x6ad642c0f56a65c1:0x5045675218ce790",High,0,0
Flemington,4.8,3,979,1100000,0,-37.785,144.928,500,600,798,633,10,15,20,8,43,23,96,84,0,25,31,44,72,74,52,53,"https://maps.google.com/?q=Flemington+VIC+3031,+Australia&ftid=0x6ad65d06677ef7c7:0x5045675218cd750",Low,0,0
Footscray,5.8,5,2244,891000,8,-37.798,144.899,450,500,505,485,15,20,11,6,37,20,96,64,100,42,47,38,63,67,43,34,"https://maps.google.com/?q=Footscray+VIC+3011,+Australia&ftid=0x6ad65d8d9fc4c127:0x5045675218ce740",Low,0,2
Forest Hill,18,1,417,1060000,2,-37.842,145.172,400,440,520,453,8,20,0,0,20,14,86,93,25,8,25,21,44,59,38,35,"https://maps.google.com/?q=Forest+Hill+VIC+3131,+Australia&ftid=0x6ad63f23475a9d8b:0x5045675218cda00",Low,0,0
Frankston,39.4,12,6018,600000,7,-38.158,145.135,335,385,460,393,2,28,0,2,30,13,70,2,88,100,6,31,41,50,33,31,"https://maps.google.com/?q=Frankston+VIC+3199,+Australia&ftid=0x6ad60b2a48d44683:0x5045675218ce240",Low,0,7
Geelong,64.6,1,2622,735000,5,-38.1499181,144.3617186,320,340,460,373,5,37,0,2,39,16,50,57,63,8,16,40,50,47,30,31,"https://maps.google.com/?q=Geelong+VIC+3220,+Australia&ftid=0x6ad4141c29a5d0cf:0x5045675218ce990",Medium,0,0
Gladstone Park,15.6,3,438,638000,0,-37.688,144.892,340,380,420,380,7,20,0,0,20,18,88,93,0,25,22,21,56,50,33,28,"https://maps.google.com/?q=Gladstone+Park+VIC+3043,+Australia&ftid=0x6ad65a360eb11129:0x5045675218cfca0",Low,0,0
Glen Iris,9.7,2,665,2030000,2,-37.856,145.059,533,646,870,683,3,20,13,6,39,15,93,89,25,17,9,40,47,79,56,58,"https://maps.google.com/?q=Glen+Iris+VIC+3146,+Australia&ftid=0x6ad641e5f97c93a7:0x5045675218cda90",Low,0,0
Glen Waverley,19.2,10,1387,1335000,2,-37.8856521,145.165179,400,450,540,463,7,40,0,2,42,6,85,77,25,83,22,43,19,59,39,36,"https://maps.google.com/?q=Glen+Waverley+VIC+3150,+Australia&ftid=0x6ad66bb67ebd66cb:0x5045675218cdb40",Medium,1,1
Glenroy,12.9,5,1653,740000,1,-37.706,144.924,360,400,495,418,10,28,0,3,31,9,90,73,13,42,31,32,28,53,35,33,"https://maps.google.com/?q=Glenroy+VIC+3046,+Australia&ftid=0x6ad644b4aec2547b:0x5045675218cd210",None,0,0
Greensborough,17.3,6,989,830000,1,-37.686,145.117,360,400,430,397,2,20,0,0,20,11,87,84,13,50,6,21,34,53,35,29,"https://maps.google.com/?q=Greensborough+VIC+3088,+Australia&ftid=0x6ad64842ea5adcf7:0x5045675218cd150",Low,0,0
Grovedale,70.7,4,656,432000,1,-38.2,144.35,330,375,430,378,3,20,0,1,21,3,46,89,13,33,9,22,9,49,33,29,"https://maps.google.com/?q=Grovedale+VIC+3216,+Australia&ftid=0x6ad46cb3484e7ccb:0x5045675218ce3c0",Low,0,0
Hampton Park,36.1,5,1159,505000,1,-38.029,145.26,320,360,420,367,2,44,0,1,45,20,72,81,13,42,6,46,63,47,31,28,"https://maps.google.com/?q=Hampton+Park+VIC+3976,+Australia&ftid=0x6ad61176ea42e59d:0x5045675218ce040",Low,1,1
Hastings,58.4,3,1057,506500,0,-38.306,145.189,340,390,490,407,3,16,0,1,17,19,55,83,0,25,9,18,59,50,34,33,"https://maps.google.com/?q=Hastings+VIC+3915,+Australia&ftid=0x6ad5e6ddfb0befd9:0x5045675218cea20",High,0,0
Hawthorn,5.2,3,1070,2470000,2,-37.826,145.034,585,715,1000,767,7,8,38,5,51,17,96,83,25,25,22,53,53,87,62,67,"https://maps.google.com/?q=Hawthorn+VIC+3122,+Australia&ftid=0x6ad642390570a5c1:0x5045675218cd8f0",Low,1,0
Heidelberg,11.2,2,1544,1275000,3,-37.752,145.07,370,430,540,447,4,20,0,3,23,17,91,75,38,17,13,24,53,55,37,36,"https://maps.google.com/?q=Heidelberg+VIC+3084,+Australia&ftid=0x6ad646682061e731:0x5045675218cd4f0",Low,0,1
Herne Hill,66.8,0,116,490000,0,-38.1329,144.3305,330,370,473,391,8,38,0,0,38,12,49,98,0,0,25,39,38,49,32,32,"https://maps.google.com/?q=Herne+Hill+VIC+3218,+Australia&ftid=0x6ad4115f0f6606d7:0x5045675218ce9b0",Low,0,0
Hoppers Crossing,24.3,8,2309,516000,0,-37.869,144.693,315,350,395,353,7,30,0,1,31,20,81,62,0,67,22,32,63,47,30,26,"https://maps.google.com/?q=Hoppers+Crossing+VIC+3029,+Australia&ftid=0x6ad688b40a9fb505:0x5045675218ce8f0",Low,1,2
Hughesdale,13.5,1,233,1462500,0,-37.894,145.085,420,530,700,550,11,40,0,3,43,10,90,96,0,8,34,44,31,62,46,47,"https://maps.google.com/?q=Hughesdale+VIC+3166,+Australia&ftid=0x6ad66a4540ffbad5:0x5045675218cf910",Low,0,0
Hurstbridge,28,1,108,714000,0,-37.638889,145.195,360,400,430,397,1,1,0,1,2,8,78,98,0,8,3,2,25,53,35,29,"https://maps.google.com/?q=Hurstbridge+VIC+3099,+Australia&ftid=0x6ad634eb8b90279f:0x5045675218ccfa0",None,0,0
Ivanhoe,8.5,1,825,1512500,2,-37.7703,145.0457,425,575,740,580,4,38,0,5,43,10,93,87,25,8,13,44,31,63,50,49,"https://maps.google.com/?q=Ivanhoe+VIC+3079,+Australia&ftid=0x6ad64395e191a311:0x5045675218cd5e0",Low,0,0
Kangaroo Flat,129.9,3,837,310000,1,-36.783333,144.233333,260,300,350,303,2,20,0,1,21,4,0,86,13,25,6,22,13,39,26,23,"https://maps.google.com/?q=Kangaroo+Flat+VIC+3555,+Australia&ftid=0x6ad750809ed2b695:0x50579a430a0da10",Low,0,0
Keilor,15.5,1,262,815000,1,-37.712,144.831,0,450,495,315,0,17,0,0,17,6,88,96,13,8,0,18,19,0,39,33,"https://maps.google.com/?q=Keilor+VIC+3036,+Australia&ftid=0x6ad6592a430efcdd:0x5045675218cd1c0",Low,0,0
Kensington,3.7,2,753,1023000,0,-37.791,144.931,500,600,798,633,10,20,22,8,50,20,97,88,0,17,31,52,63,74,52,53,"https://maps.google.com/?q=Kensington+VIC+3031,+Australia&ftid=0x6ad65d0e81dca47d:0x5045675218ce770",Low,1,2
Kew,6.3,1,1027,2300000,5,-37.805278,145.035833,520,660,950,710,9,17,20,1,38,14,95,83,63,8,28,39,44,77,57,63,"https://maps.google.com/?q=Kew+VIC+3101,+Australia&ftid=0x6ad643c1171f9cc3:0x5045675218ce750",Low,0,0
Lalor,17.2,6,1046,630000,0,-37.667,145.02,340,365,420,375,13,39,0,3,42,14,87,83,0,50,41,43,44,50,32,28,"https://maps.google.com/?q=Lalor+VIC+3075,+Australia&ftid=0x6ad64f06ef0a1603:0x5045675218cd0b0",Low,0,0
Lara,54,2,802,430000,0,-38.016667,144.416667,300,380,440,373,2,7,0,1,8,7,59,87,0,17,6,8,22,44,33,29,"https://maps.google.com/?q=Lara+VIC+3212,+Australia&ftid=0x6ad4188cebcbaf81:0x5045675218cdf10",Low,0,0
Lilydale,34.9,4,1114,720000,1,-37.758,145.35,370,410,500,427,3,25,0,1,26,7,73,82,13,33,9,27,22,55,36,33,"https://maps.google.com/?q=Lilydale+VIC+3140,+Australia&ftid=0x6ad62ef5b997879b:0x5045675218cd420",High,0,0
Malvern,7.8,1,641,2657500,5,-37.857,145.036,630,800,950,793,8,12,51,6,69,7,94,90,63,8,25,71,22,93,70,63,"https://maps.google.com/?q=Malvern+VIC+3144,+Australia&ftid=0x6ad642042822ce15:0x5045675218cda30",Medium,0,0
Melton,36.5,6,1981,368500,1,-37.6691421,144.5437205,275,320,360,318,0,16,0,0,16,1,72,68,13,50,0,16,3,41,28,24,"https://maps.google.com/?q=Melton+VIC,+Australia&ftid=0x6ad6ecdfbb149633:0x99962ac4a94dca9e",Medium,0,0
Mentone,20.8,3,650,1090000,0,-37.985,145.068889,433,540,718,564,5,40,0,2,42,12,84,89,0,25,16,43,38,64,47,48,"https://maps.google.com/?q=Mentone+VIC+3194,+Australia&ftid=0x6ad66db5b771d1ed:0x5045675218cdfa0",Low,0,0
Middle Park,4,1,224,2350000,0,-37.851944,144.963056,675,950,1100,908,4,15,20,0,35,20,97,96,0,8,13,36,63,100,83,73,"https://maps.google.com/?q=Middle+Park+VIC+3206,+Australia&ftid=0x6ad667e8e4a96ded:0x5045675218ce8d0",Low,0,0
Mill Park,18.4,5,1512,668500,0,-37.671,145.062,340,370,420,377,3,20,0,0,20,18,86,75,0,42,9,21,56,50,32,28,"https://maps.google.com/?q=Mill+Park+VIC+3082,+Australia&ftid=0x6ad6493947b53431:0x5045675218cd080",Low,0,2
Mitcham,20.3,4,599,1068500,2,-37.818,145.197,388,430,530,449,3,20,0,3,23,18,84,90,25,33,9,24,56,57,37,35,"https://maps.google.com/?q=Mitcham+VIC+3132,+Australia&ftid=0x6ad6391597c26779:0x5045675218cd860",High,0,1
Moe,121.2,4,1937,175000,0,-38.172222,146.267778,200,250,300,250,3,20,0,1,21,3,7,68,0,33,9,22,9,30,22,20,"https://maps.google.com/?q=Moe+VIC+3825,+Australia&ftid=0x6b29097817adc63b:0x50579a430a0db70",Low,0,0
Mont Albert,12.5,1,136,2100000,0,-37.816111,145.11,468,650,920,679,8,20,10,3,33,8,90,98,0,8,25,34,25,69,57,61,"https://maps.google.com/?q=Mont+Albert+VIC+3127,+Australia&ftid=0x6ad640c475a3a901:0x5045675218cfe00",Low,1,0
Montmorency,17.6,3,181,881000,0,-37.719,145.126,400,460,580,480,3,20,0,1,21,12,86,97,0,25,9,22,38,59,40,39,"https://maps.google.com/?q=Montmorency+VIC+3094,+Australia&ftid=0x6ad6483a6312c679:0x5045675218cd2c0",Medium,0,0
Moonee Ponds,6.5,2,1103,1310000,1,-37.765,144.92,500,580,730,603,10,42,20,4,66,5,95,82,13,17,31,68,16,74,50,49,"https://maps.google.com/?q=Moonee+Ponds+VIC+3039,+Australia&ftid=0x6ad65cf67cdec057:0x5045675218cd610",Low,0,1
Mordialloc,24.1,3,649,1150000,1,-37.999,145.092,433,540,718,564,2,26,0,2,28,8,81,89,13,25,6,29,25,64,47,48,"https://maps.google.com/?q=Mordialloc+VIC+3195,+Australia&ftid=0x6ad66da799b93551:0x5045675218cdfd0",Low,0,0
Mornington,45.5,5,1587,798000,4,-38.228,145.062,400,460,608,489,4,14,0,0,14,13,65,74,50,42,13,14,41,59,40,41,"https://maps.google.com/?q=Mornington+VIC+3931,+Australia&ftid=0x6ad5debc7abbe955:0x5045675218ce420",Medium,0,0
Mount Clear,99.2,2,130,345000,4,-37.602,143.868,265,325,390,327,0,12,0,0,12,7,24,98,50,17,0,12,22,39,28,26,"https://maps.google.com/?q=Mount+Clear+VIC+3350,+Australia&ftid=0x6ad15b2a36262561:0x50579a430a0d800",Low,0,0
Mount Waverley,16.1,7,1128,1408000,2,-37.877,145.131,395,470,580,482,5,27,0,3,30,15,88,82,25,58,16,31,47,59,41,39,"https://maps.google.com/?q=Mount+Waverley+VIC+3149,+Australia&ftid=0x6ad66b2665fa6e53:0x5045675218cdaf0",Low,0,1
Mulgrave,21.4,3,1045,900000,1,-37.928,145.174,400,450,540,463,10,47,0,0,47,6,84,83,13,25,31,48,19,59,39,36,"https://maps.google.com/?q=Mulgrave+VIC+3170,+Australia&ftid=0x6ad6157466820f57:0x5045675218cdd80",Medium,0,0
Murrumbeena,12.5,1,266,1420000,0,-37.899,145.072,420,530,700,550,11,58,0,4,62,12,90,96,0,8,34,64,38,62,46,47,"https://maps.google.com/?q=Murrumbeena+VIC+3163,+Australia&ftid=0x6ad66a379778c353:0x5045675218cdca0",Medium,0,0
Narre Warren,38.3,6,2216,600000,1,-38.018,145.3,320,360,420,367,10,19,0,1,20,10,71,64,13,50,31,21,31,47,31,28,"https://maps.google.com/?q=Narre+Warren+VIC+3805,+Australia&ftid=0x6ad610a973e6c281:0x5045675218ce020",Low,0,0
Newborough,123.3,3,535,220000,0,-38.1760805,146.2985284,200,250,300,250,0,25,0,0,25,4,5,91,0,25,0,26,13,30,22,20,"https://maps.google.com/?q=Newborough+VIC+3825,+Australia&ftid=0x6b290948ced58c0d:0x50579a430a0db90",Low,0,0
Newport,7.7,2,554,1072500,0,-37.842,144.884,450,515,675,547,5,31,0,3,34,18,94,91,0,17,16,35,56,67,45,45,"https://maps.google.com/?q=Newport+VIC+3015,+Australia&ftid=0x6ad66770228a334b:0x5045675218ce890",Low,0,0
Noble Park,25.3,7,2222,690000,3,-37.967,145.176,330,370,400,367,4,24,0,3,27,14,81,64,38,58,13,28,44,49,32,27,"https://maps.google.com/?q=Noble+Park+VIC+3174,+Australia&ftid=0x6ad6140c20dc0331:0x5045675218cdea0",Low,0,0
North Melbourne,0.1,1,1194,1406000,1,-37.799167,144.946667,540,690,850,693,22,29,36,7,72,19,100,81,13,8,69,74,59,80,60,57,"https://maps.google.com/?q=North+Melbourne+VIC+3051,+Australia&ftid=0x6ad65d283acb6965:0x5045675218ce760",Low,1,0
Nunawading,18.7,1,510,1090000,2,-37.817,145.177,388,430,530,449,3,20,0,2,22,14,86,92,25,8,9,23,44,57,37,35,"https://maps.google.com/?q=Nunawading+VIC+3131,+Australia&ftid=0x6ad63f2d7406910f:0x5045675218cd850",Low,0,0
Oak Park,11.4,1,196,876500,0,-37.718,144.919,360,400,495,418,7,20,0,3,23,12,91,97,0,8,22,24,38,53,35,33,"https://maps.google.com/?q=Oak+Park+VIC+3046,+Australia&ftid=0x6ad65ba09353bb03:0x5045675218cd310",Low,0,0
Oakleigh,14.5,1,906,1210000,0,-37.9020702,145.0962067,410,450,600,487,13,59,0,3,62,14,89,85,0,8,41,64,44,61,39,40,"https://maps.google.com/?q=Oakleigh+VIC+3166,+Australia&ftid=0x6ad66af5d286cba1:0x5045675218cdcd0",Low,0,0
Ocean Grove,63.5,2,331,630000,0,-38.25,144.516667,350,400,470,407,0,6,0,0,6,2,51,95,0,17,0,6,6,52,35,31,"https://maps.google.com/?q=Ocean+Grove+VIC+3226,+Australia&ftid=0x6ad438ec7eb30839:0x5045675218ce430",Medium,0,0
Pakenham,55,6,2447,480000,0,-38.073568,145.4851308,300,350,385,345,3,20,0,1,21,22,58,60,0,50,9,22,69,44,30,26,"https://maps.google.com/?q=Pakenham+VIC+3810,+Australia&ftid=0x6ad61b86c6f44bc5:0x5045675218ce0b0",Low,0,0
Parkdale,22.2,2,411,1300000,1,-37.991,145.08,433,540,718,564,5,20,0,3,23,8,83,93,13,17,16,24,25,64,47,48,"https://maps.google.com/?q=Parkdale+VIC+3195,+Australia&ftid=0x6ad66da84852492d:0x5045675218cfa40",Low,0,1
Parkville,2.4,3,796,2765500,6,-37.788,144.951,550,775,960,762,15,11,30,6,47,16,98,87,75,25,47,48,50,81,67,64,"https://maps.google.com/?q=Parkville+VIC+3052,+Australia&ftid=0x6ad65cd73202124d:0x5045675218ce710",Low,0,0
Pascoe Vale,9.9,4,821,881000,1,-37.727,144.942,400,450,580,477,9,46,0,3,49,17,92,87,13,33,28,51,53,59,39,39,"https://maps.google.com/?q=Pascoe+Vale+VIC+3044,+Australia&ftid=0x6ad65b641305cf0f:0x5045675218cd330",Low,0,0
Port Melbourne,3.3,2,1865,1515000,0,-37.823889,144.911111,600,800,1063,821,0,20,0,0,20,5,97,70,0,17,0,21,16,89,70,71,"https://maps.google.com/?q=Port+Melbourne+VIC+3207,+Australia&ftid=0x6ad6663fb8ef31f7:0x5045675218ce840",Low,0,0
Preston,9.1,7,4124,990000,1,-37.743,145.008,430,498,600,509,12,40,15,5,60,9,93,33,13,58,38,62,28,64,43,40,"https://maps.google.com/?q=Preston+VIC+3072,+Australia&ftid=0x6ad64456e71092f9:0x5045675218cd3c0",Low,2,0
Reservoir,11.5,8,3317,814000,1,-37.713056,145.011944,360,400,460,407,10,20,0,3,23,12,91,46,13,67,31,24,38,53,35,31,"https://maps.google.com/?q=Reservoir+VIC+3073,+Australia&ftid=0x6ad64583e8b67cc7:0x5045675218cd200",Low,0,0
Richmond,3.2,6,3510,1305000,2,-37.823,144.998,600,775,970,782,11,7,20,7,34,20,98,43,25,50,34,35,63,89,67,65,"https://maps.google.com/?q=Richmond+VIC+3121,+Australia&ftid=0x6ad64259018db945:0x5045675218ce810",Low,0,0
Ringwood,23.2,4,2775,909000,1,-37.8114,145.2306,370,420,500,430,7,20,0,3,23,20,82,55,13,33,22,24,63,55,37,33,"https://maps.google.com/?q=Ringwood+VIC+3134,+Australia&ftid=0x6ad63c09922b6adb:0x5045675218cd790",Low,2,1
Rowville,26.5,5,1298,865000,0,-37.937,145.229,0,430,500,310,5,9,0,0,9,7,80,79,0,42,16,9,22,0,37,33,"https://maps.google.com/?q=Rowville+VIC+3178,+Australia&ftid=0x6ad6162ae837ad2f:0x5045675218cdd90",Low,0,0
Roxburgh Park,19.9,4,952,515000,1,-37.627,144.929,340,360,430,377,5,26,0,1,27,20,85,85,13,33,16,28,63,50,31,29,"https://maps.google.com/?q=Roxburgh+Park+VIC+3064,+Australia&ftid=0x6ad651ae6014515b:0x5045675218ccf90",Low,0,0
Scoresby,24.1,2,445,881500,0,-37.894,145.234,388,420,500,436,5,20,0,0,20,20,81,93,0,17,16,21,63,57,37,33,"https://maps.google.com/?q=Scoresby+VIC+3179,+Australia&ftid=0x6ad63e0b502c2325:0x5045675218cdc30",Low,0,0
Seaford,35.2,7,1575,700000,0,-38.105,145.132,330,367,450,382,2,17,0,2,19,12,73,74,0,58,6,20,38,49,32,30,"https://maps.google.com/?q=Seaford+VIC+3198,+Australia&ftid=0x6ad60cd0754a3c7f:0x5045675218ce1a0",Low,0,0
Sebastopol,101.7,2,924,257000,0,-37.585278,143.839444,250,280,360,297,4,21,0,0,21,7,22,85,0,17,13,22,22,37,24,24,"https://maps.google.com/?q=Sebastopol+VIC+3356,+Australia&ftid=0x6ad15b5b4943a173:0x50579a430a0d8a0",Medium,0,0
Seymour,89.1,1,936,277000,1,-37.0160797,145.1619887,260,280,363,301,0,4,0,0,4,0,32,85,13,8,0,4,0,39,24,24,"https://maps.google.com/?q=Seymour+VIC+3660,+Australia&ftid=0x6ad7f51773ddb88f:0x50579a430a0d1e0",None,0,0
South Melbourne,0.1,1,1906,1532500,0,-37.835,144.96,600,790,990,463,20,19,40,2,61,23,100,69,0,8,63,63,72,89,69,66,"https://maps.google.com/?q=South+Melbourne+VIC+3205,+Australia&ftid=0x6ad667fc041b9c61:0x5045675218ce850",Low,0,3
Spotswood,7.1,1,225,1040000,0,-37.831,144.887,450,515,675,547,3,8,0,4,12,17,95,96,0,8,9,12,53,67,45,45,"https://maps.google.com/?q=Spotswood+VIC+3015,+Australia&ftid=0x6ad6673a4f947235:0x5045675218ce820",Low,0,0
Springvale,22.5,4,1957,780000,2,-37.947,145.153,350,390,480,407,15,20,0,3,23,10,83,68,25,33,47,24,31,52,34,32,"https://maps.google.com/?q=Springvale+VIC+3171,+Australia&ftid=0x6ad614c0d3dd90df:0x5045675218cde40",Low,1,0
St Albans,16.3,11,3176,622000,4,-37.736111,144.803889,320,350,400,357,8,20,0,2,22,9,87,48,50,92,25,23,28,47,30,27,"https://maps.google.com/?q=St+Albans+VIC+3021,+Australia&ftid=0x6ad65f984f5edb83:0x5045675218cd3b0",None,0,0
St Kilda,6.1,2,3436,1535000,0,-37.864,144.982,590,750,1000,780,8,20,20,5,45,20,95,44,0,17,25,46,63,87,65,67,"https://maps.google.com/?q=St+Kilda+VIC+3182,+Australia&ftid=0x6ad6686866392389:0x5045675218cdae0",None,0,0
Sunbury,33.4,9,2128,490000,2,-37.581111,144.713889,320,360,415,365,6,20,0,1,21,23,74,65,25,75,19,22,72,47,31,28,"https://maps.google.com/?q=Sunbury+VIC+3429,+Australia&ftid=0x6ad6f9776c84f27b:0x5045675218cce30",None,0,0
Surrey Hills,11.9,2,311,2160000,0,-37.83,145.106,468,650,920,679,7,20,11,4,35,8,91,95,0,17,22,36,25,69,57,61,"https://maps.google.com/?q=Surrey+Hills+VIC+3127,+Australia&ftid=0x6ad640e6d54af80f:0x5045675218cd8c0",None,1,0
Sydenham,21.6,1,407,590000,1,-37.702,144.767,350,390,450,397,3,20,0,1,21,12,83,93,13,8,9,22,38,52,34,30,"https://maps.google.com/?q=Sydenham+VIC+3037,+Australia&ftid=0x6ad6f5e3ff174e31:0x5045675218cd180",None,0,0
Templestowe,16.2,2,359,1415000,0,-37.753,145.135,395,480,583,486,0,20,0,0,20,12,88,94,0,17,0,21,38,59,42,39,"https://maps.google.com/?q=Templestowe+VIC+3106,+Australia&ftid=0x6ad6380a10e5173d:0x5045675218cd450",None,0,1
Thomastown,15.6,6,1989,654000,0,-37.682,145.014,340,365,420,375,7,20,0,3,23,11,88,68,0,50,22,24,34,50,32,28,"https://maps.google.com/?q=Thomastown+VIC+3074,+Australia&ftid=0x6ad64f7392595b09:0x5045675218cd100",None,0,0
Thornbury,6.9,6,1295,1211000,0,-37.76,145.007,520,600,738,619,9,20,16,4,40,14,95,79,0,50,28,41,44,77,52,49,"https://maps.google.com/?q=Thornbury+VIC+3071,+Australia&ftid=0x6ad644627105f5d5:0x5045675218cd530",None,1,0
Toorak,5.1,1,660,5050000,1,-37.841,145.018,648,1150,1500,1099,5,17,16,6,39,8,96,89,13,8,16,40,25,96,100,100,"https://maps.google.com/?q=Toorak+VIC+3142,+Australia&ftid=0x6ad64270233922c7:0x5045675218cd9b0",None,0,0
Torquay,80.4,3,370,730000,0,-38.333333,144.316667,395,480,550,475,3,23,0,0,23,10,38,94,0,25,9,24,31,59,42,37,"https://maps.google.com/?q=Torquay+VIC+3228,+Australia&ftid=0x6ad46eaec5a8b033:0x5045675218ce560",None,0,0
Tullamarine,16.4,1,933,655000,0,-37.701,144.876,340,380,420,380,8,30,0,0,30,16,87,85,0,8,25,31,50,50,33,28,"https://maps.google.com/?q=Tullamarine+VIC+3043,+Australia&ftid=0x6ad65bd0a1a139d1:0x5045675218cd120",None,0,0
Vermont,20.5,2,218,1050000,1,-37.838,145.198,400,440,520,453,1,20,0,0,20,12,84,96,13,17,3,21,38,59,38,35,"https://maps.google.com/?q=Vermont+VIC+3133,+Australia&ftid=0x6ad63ecb69dc416b:0x5045675218cd9c0",None,0,0
Wantirna,23.7,4,482,950000,2,-37.844,145.229,388,420,500,436,2,16,0,0,16,17,82,92,25,33,6,16,53,57,37,33,"https://maps.google.com/?q=Wantirna+VIC+3152,+Australia&ftid=0x6ad63ea86374392d:0x5045675218cda40",None,0,0
Warragul,93.4,4,1222,370000,1,-38.1537515,145.9297824,280,325,410,338,3,20,0,1,21,8,28,80,13,33,9,22,25,41,28,27,"https://maps.google.com/?q=Warragul+VIC+3820,+Australia&ftid=0x6b29bd8a50c773c7:0x40579a430a06aa0",None,0,0
Wendouree,104.3,4,1160,265000,1,-37.532,143.823,260,310,380,317,6,20,0,1,21,6,20,81,13,33,19,22,19,39,27,25,"https://maps.google.com/?q=Wendouree+VIC+3355,+Australia&ftid=0x6ad144752f08bb09:0x50579a430a0d8f0",None,0,0
Werribee,28.6,8,3218,478500,4,-37.9,144.664,315,350,395,353,12,20,0,1,21,19,78,48,50,67,38,22,59,47,30,26,"https://maps.google.com/?q=Werribee+VIC+3030,+Australia&ftid=0x6ad6850d13023053:0x5045675218ce940",None,0,1
West Melbourne,0.1,0,774,1370000,0,-37.808,144.927,540,690,850,693,2,15,0,4,19,3,100,87,0,0,6,20,9,80,60,57,"https://maps.google.com/?q=West+Melbourne+VIC+3003,+Australia&ftid=0x6ad642d8348ddb79:0x5045675218ce7f0",None,0,0
Whittlesea,36,2,336,469500,0,-37.513889,145.113889,320,365,400,362,0,13,0,0,13,15,72,95,0,17,0,13,47,47,32,27,"https://maps.google.com/?q=Whittlesea+VIC+3757,+Australia&ftid=0x6ad7b64739d74b41:0x5045675218cce10",None,0,0
Williamstown,7.5,4,816,1476000,1,-37.861,144.885,480,650,820,650,2,30,0,3,33,20,94,87,13,33,6,34,63,71,57,55,"https://maps.google.com/?q=Williamstown+VIC+3016,+Australia&ftid=0x6ad666549e99d41d:0x5045675218ce910",None,0,0
Windsor,5.3,1,701,1425000,4,-37.854,144.988,623,810,1200,878,20,21,60,6,87,15,96,89,50,8,63,90,47,92,70,80,"https://maps.google.com/?q=Windsor+VIC+3181,+Australia&ftid=0x6ad6683c75da0c83:0x5045675218cf810",None,0,0
Yarraville,6.4,4,701,1000000,0,-37.817,144.89,480,550,650,560,8,20,0,7,27,16,95,89,0,33,25,28,50,71,48,43,"https://maps.google.com/?q=Yarraville+VIC+3013,+Australia&ftid=0x6ad66748d8e0dbbd:0x5045675218cd8b0",None,0,0
